協力者,調査地,母語,年齢,性別,J-CAT (合計),JLPT
CCH02,中国語(中国D有),中国語,22.0,女性,239,N3
CCH03,中国語(中国D有),中国語,21.0,男性,248,N3
CCM51,中国語(中国D無),中国語,20.0,女性,354,N1
CCH06,中国語(中国D有),中国語,21.0,女性,231,N3
CCH07,中国語(中国D有),中国語,20.0,女性,287,N2
CCH08,中国語(中国D有),中国語,21.0,女性,253,N2
CCH09,中国語(中国D有),中国語,21.0,女性,294,N2
CCH10,中国語(中国D有),中国語,22.0,女性,210,N3
CCH11,中国語(中国D有),中国語,19.0,女性,261,N2
CCH12,中国語(中国D有),中国語,19.0,男性,282,N2
CCH13,中国語(中国D有),中国語,22.0,女性,227,N3
CCH15,中国語(中国D有),中国語,21.0,女性,231,N3
CCH16,中国語(中国D有),中国語,22.0,女性,293,N2
CCH17,中国語(中国D有),中国語,21.0,女性,258,N2
CCH18,中国語(中国D有),中国語,21.0,女性,209,N3
CCH19,中国語(中国D有),中国語,19.0,女性,214,N3
CCH20,中国語(中国D有),中国語,19.0,女性,200,N3
JJE07,国内教室環境,中国語,27.0,男性,82,N5
CCH21,中国語(中国D有),中国語,20.0,男性,169,N4
CCH22,中国語(中国D有),中国語,19.0,女性,224,N3
JJC05,国内教室環境,中国語,22.0,男性,83,N5
CCH23,中国語(中国D有),中国語,21.0,女性,209,N3
CCH24,中国語(中国D有),中国語,20.0,男性,171,N4
CCH25,中国語(中国D有),中国語,20.0,女性,161,N4
CCH26,中国語(中国D有),中国語,19.0,女性,198,N4
CCH27,中国語(中国D有),中国語,19.0,女性,202,N3
CCM35,中国語(中国D無),中国語,21.0,女性,320,N1
CCH28,中国語(中国D有),中国語,19.0,男性,165,N4
CCH29,中国語(中国D有),中国語,20.0,女性,203,N3
CCH30,中国語(中国D有),中国語,19.0,男性,186,N4
CCH31,中国語(中国D有),中国語,20.0,男性,174,N4
CCH32,中国語(中国D有),中国語,23.0,女性,223,N3
JJE57,国内教室環境,中国語,22.0,女性,91,N5
CCH33,中国語(中国D有),中国語,21.0,女性,265,N2
CCH34,中国語(中国D有),中国語,20.0,女性,214,N3
CCH35,中国語(中国D有),中国語,20.0,女性,265,N2
CCM50,中国語(中国D無),中国語,21.0,女性,310,N1
CCH36,中国語(中国D有),中国語,21.0,男性,181,N4
CCH37,中国語(中国D有),中国語,20.0,男性,255,N2
CCH38,中国語(中国D有),中国語,20.0,女性,239,N3
CCH39,中国語(中国D有),中国語,20.0,男性,227,N3
CCH40,中国語(中国D有),中国語,20.0,女性,215,N3
CCH42,中国語(中国D有),中国語,21.0,女性,248,N3
CCH43,中国語(中国D有),中国語,20.0,女性,229,N3
CCH45,中国語(中国D有),中国語,21.0,男性,264,N2
CCH46,中国語(中国D有),中国語,21.0,女性,266,N2
CCH48,中国語(中国D有),中国語,18.0,女性,191,N4
CCH49,中国語(中国D有),中国語,20.0,女性,147,N5
CCM53,中国語(中国D無),中国語,23.0,男性,103,N5
CCH50,中国語(中国D有),中国語,19.0,女性,191,N4
CCM54,中国語(中国D無),中国語,21.0,女性,300,N1
CCH51,中国語(中国D有),中国語,21.0,女性,211,N3
CCH52,中国語(中国D有),中国語,21.0,未回答,209,N3
CCM01,中国語(中国D無),中国語,19.0,男性,299,N2
CCH54,中国語(中国D有),中国語,18.0,女性,224,N3
CCH55,中国語(中国D有),中国語,23.0,女性,286,N2
CCH56,中国語(中国D有),中国語,22.0,女性,236,N3
CCH59,中国語(中国D有),中国語,20.0,女性,248,N3
CCH63,中国語(中国D有),中国語,21.0,女性,176,N4
CCM02,中国語(中国D無),中国語,19.0,女性,218,N3
JJE05,国内教室環境,中国語,22.0,男性,109,N5
CCM03,中国語(中国D無),中国語,21.0,女性,251,N2
CCM04,中国語(中国D無),中国語,22.0,女性,267,N2
CCM05,中国語(中国D無),中国語,21.0,未回答,259,N2
CCM06,中国語(中国D無),中国語,21.0,女性,167,N4
CCM07,中国語(中国D無),中国語,20.0,女性,185,N4
CCM08,中国語(中国D無),中国語,22.0,男性,235,N3
CCM10,中国語(中国D無),中国語,19.0,女性,235,N3
CCM11,中国語(中国D無),中国語,23.0,女性,268,N2
JJC08,国内教室環境,中国語,21.0,男性,114,N5
CCM12,中国語(中国D無),中国語,22.0,男性,213,N3
CCM13,中国語(中国D無),中国語,20.0,女性,216,N3
CCM14,中国語(中国D無),中国語,21.0,女性,175,N4
CCM15,中国語(中国D無),中国語,22.0,女性,285,N2
CCM16,中国語(中国D無),中国語,23.0,男性,223,N3
CCM17,中国語(中国D無),中国語,20.0,女性,210,N3
CCM33,中国語(中国D無),中国語,22.0,女性,288,N2
CCM18,中国語(中国D無),中国語,21.0,女性,189,N4
CCM19,中国語(中国D無),中国語,,男性,260,N2
CCM20,中国語(中国D無),中国語,22.0,男性,256,N2
CCM22,中国語(中国D無),中国語,20.0,女性,274,N2
CCM23,中国語(中国D無),中国語,23.0,女性,190,N4
JJE04,国内教室環境,中国語,27.0,男性,119,N5
CCM24,中国語(中国D無),中国語,21.0,女性,257,N2
CCM25,中国語(中国D無),中国語,24.0,女性,253,N2
CCM27,中国語(中国D無),中国語,20.0,女性,259,N2
CCM28,中国語(中国D無),中国語,19.0,女性,199,N4
CCM29,中国語(中国D無),中国語,21.0,女性,229,N3
CCM30,中国語(中国D無),中国語,22.0,男性,271,N2
CCM31,中国語(中国D無),中国語,21.0,女性,215,N3
CCM32,中国語(中国D無),中国語,21.0,女性,250,N2
CCM34,中国語(中国D無),中国語,21.0,女性,253,N2
JJE38,国内教室環境,中国語,24.0,男性,124,N5
CCM36,中国語(中国D無),中国語,21.0,女性,192,N4
CCM37,中国語(中国D無),中国語,21.0,女性,190,N4
CCM39,中国語(中国D無),中国語,20.0,女性,184,N4
CCM40,中国語(中国D無),中国語,22.0,未回答,252,N2
CCM41,中国語(中国D無),中国語,22.0,女性,251,N2
JJC11,国内教室環境,中国語,23.0,男性,126,N5
CCM42,中国語(中国D無),中国語,23.0,男性,200,N3
JJN46,国内自然習得,中国語,63.0,女性,126,N5
CCM43,中国語(中国D無),中国語,21.0,男性,207,N3
CCM44,中国語(中国D無),中国語,21.0,女性,181,N4
CCM45,中国語(中国D無),中国語,21.0,女性,193,N4
CCM46,中国語(中国D無),中国語,20.0,男性,202,N3
CCM47,中国語(中国D無),中国語,21.0,男性,239,N3
CCM48,中国語(中国D無),中国語,22.0,男性,235,N3
CCM49,中国語(中国D無),中国語,21.0,女性,247,N3
JJN25,国内自然習得,中国語,31.0,女性,278,N2
CCM52,中国語(中国D無),中国語,21.0,女性,229,N3
JJE01,国内教室環境,中国語,25.0,男性,132,N5
JJN50,国内自然習得,中国語,51.0,男性,134,N5
JJC59,国内教室環境,中国語,31.0,女性,266,N2
JJC07,国内教室環境,中国語,21.0,男性,138,N5
JJE26,国内教室環境,中国語,25.0,女性,139,N5
JJE66,国内教室環境,中国語,22.0,男性,148,N5
JJC27,国内教室環境,中国語,26.0,女性,149,N5
JJC01,国内教室環境,中国語,19.0,男性,152,N4
JJN36,国内自然習得,中国語,41.0,女性,152,N4
JJN48,国内自然習得,中国語,26.0,女性,155,N4
JJE28,国内教室環境,中国語,26.0,男性,156,N4
JJE63,国内教室環境,中国語,22.0,男性,157,N4
JJE33,国内教室環境,中国語,25.0,女性,247,N3
JJE47,国内教室環境,中国語,32.0,男性,247,N3
JJC06,国内教室環境,中国語,20.0,男性,158,N4
JJC02,国内教室環境,中国語,24.0,男性,159,N4
JJE16,国内教室環境,中国語,28.0,男性,242,N3
JJE64,国内教室環境,中国語,21.0,女性,165,N4
JJE41,国内教室環境,中国語,26.0,男性,166,N4
JJN03,国内自然習得,中国語,38.0,女性,238,N3
JJE55,国内教室環境,中国語,28.0,男性,171,N4
JJE56,国内教室環境,中国語,22.0,女性,171,N4
JJE67,国内教室環境,中国語,25.0,女性,171,N4
JJC33,国内教室環境,中国語,22.0,男性,229,N3
JJE72,国内教室環境,中国語,,未回答,175,N4
JJC28,国内教室環境,中国語,23.0,男性,178,N4
JJC10,国内教室環境,中国語,26.0,男性,179,N4
JJC32,国内教室環境,中国語,21.0,男性,222,N3
JJE23,国内教室環境,中国語,26.0,女性,222,N3
JJE58,国内教室環境,中国語,24.0,女性,222,N3
JJE60,国内教室環境,中国語,29.0,男性,182,N4
JJE65,国内教室環境,中国語,25.0,男性,221,N3
JJC19,国内教室環境,中国語,25.0,男性,220,N3
JJE36,国内教室環境,中国語,23.0,男性,220,N3
JJE50,国内教室環境,中国語,21.0,女性,219,N3
JJE45,国内教室環境,中国語,21.0,女性,185,N4
JJC03,国内教室環境,中国語,19.0,女性,186,N4
JJC23,国内教室環境,中国語,26.0,女性,187,N4
JJE61,国内教室環境,中国語,23.0,女性,187,N4
JJE53,国内教室環境,中国語,21.0,女性,214,N3
JJC21,国内教室環境,中国語,23.0,女性,188,N4
JJC22,国内教室環境,中国語,27.0,男性,190,N4
JJE20,国内教室環境,中国語,30.0,男性,190,N4
JJE40,国内教室環境,中国語,25.0,男性,190,N4
JJE34,国内教室環境,中国語,22.0,男性,210,N3
JJC15,国内教室環境,中国語,22.0,女性,209,N3
JJC46,国内教室環境,中国語,21.0,女性,209,N3
JJE27,国内教室環境,中国語,26.0,男性,209,N3
JJE22,国内教室環境,中国語,26.0,男性,195,N4
JJC55,国内教室環境,中国語,21.0,女性,196,N4
JJE37,国内教室環境,中国語,33.0,女性,205,N3
JJC14,国内教室環境,中国語,20.0,女性,204,N3
JJE39,国内教室環境,中国語,25.0,男性,199,N4
JJC56,国内教室環境,中国語,21.0,男性,201,N3
JJE62,国内教室環境,中国語,24.0,女性,200,N3
KKR43,韓国語,韓国語,23.0,男性,355,N1
KKD28,韓国語,韓国語,21.0,女性,352,N1
KKR13,韓国語,韓国語,24.0,男性,346,N1
KKD09,韓国語,韓国語,23.0,女性,345,N1
KKR22,韓国語,韓国語,23.0,女性,340,N1
KKR05,韓国語,韓国語,23.0,男性,335,N1
KKD25,韓国語,韓国語,26.0,男性,333,N1
KKD07,韓国語,韓国語,22.0,女性,332,N1
KKD16,韓国語,韓国語,19.0,女性,330,N1
KKR26,韓国語,韓国語,23.0,女性,328,N1
KKD11,韓国語,韓国語,31.0,男性,327,N1
KKR31,韓国語,韓国語,20.0,女性,325,N1
KKD27,韓国語,韓国語,26.0,男性,324,N1
KKR44,韓国語,韓国語,26.0,女性,321,N1
KKD01,韓国語,韓国語,23.0,女性,320,N1
KKD37,韓国語,韓国語,30.0,女性,318,N1
KKR24,韓国語,韓国語,23.0,男性,317,N1
JJC37,国内教室環境,韓国語,31.0,女性,316,N1
KKD29,韓国語,韓国語,24.0,男性,92,N5
KKR33,韓国語,韓国語,20.0,女性,310,N1
KKD33,韓国語,韓国語,23.0,男性,309,N1
KKR20,韓国語,韓国語,22.0,女性,309,N1
KKD08,韓国語,韓国語,31.0,女性,303,N1
KKR10,韓国語,韓国語,24.0,男性,301,N1
KKD21,韓国語,韓国語,23.0,男性,299,N2
KKR28,韓国語,韓国語,23.0,男性,298,N2
KKR29,韓国語,韓国語,23.0,女性,297,N2
KKD54,韓国語,韓国語,25.0,男性,296,N2
KKR38,韓国語,韓国語,23.0,女性,296,N2
KKD12,韓国語,韓国語,25.0,女性,295,N2
JJN59,国内自然習得,韓国語,51.0,女性,294,N2
KKD23,韓国語,韓国語,24.0,男性,294,N2
KKR21,韓国語,韓国語,20.0,女性,292,N2
JJC43,国内教室環境,韓国語,24.0,女性,291,N2
KKR56,韓国語,韓国語,,男性,287,N2
KKR34,韓国語,韓国語,22.0,女性,286,N2
KKR12,韓国語,韓国語,25.0,男性,285,N2
KKR40,韓国語,韓国語,28.0,男性,285,N2
KKD53,韓国語,韓国語,26.0,男性,283,N2
KKR16,韓国語,韓国語,23.0,女性,283,N2
KKD30,韓国語,韓国語,19.0,男性,125,N5
KKD19,韓国語,韓国語,26.0,男性,126,N5
KKR45,韓国語,韓国語,20.0,女性,279,N2
KKR54,韓国語,韓国語,24.0,男性,279,N2
KKR52,韓国語,韓国語,27.0,男性,278,N2
KKD60,韓国語,韓国語,22.0,男性,129,N5
KKR39,韓国語,韓国語,24.0,男性,277,N2
KKD17,韓国語,韓国語,25.0,男性,131,N5
KKD59,韓国語,韓国語,22.0,女性,274,N2
KKD48,韓国語,韓国語,24.0,男性,268,N2
JJC51,国内教室環境,韓国語,22.0,女性,267,N2
KKR46,韓国語,韓国語,25.0,男性,267,N2
KKD02,韓国語,韓国語,20.0,男性,266,N2
KKD15,韓国語,韓国語,20.0,男性,264,N2
KKR03,韓国語,韓国語,27.0,男性,264,N2
KKR41,韓国語,韓国語,21.0,女性,264,N2
KKD49,韓国語,韓国語,23.0,女性,263,N2
KKR08,韓国語,韓国語,28.0,女性,261,N2
JJC50,国内教室環境,韓国語,23.0,女性,260,N2
JJN58,国内自然習得,韓国語,41.0,女性,260,N2
KKD57,韓国語,韓国語,27.0,男性,145,N5
KKD05,韓国語,韓国語,26.0,女性,259,N2
KKR04,韓国語,韓国語,21.0,女性,259,N2
KKR06,韓国語,韓国語,20.0,男性,259,N2
JJN33,国内自然習得,韓国語,35.0,女性,258,N2
KKD24,韓国語,韓国語,23.0,女性,256,N2
KKD40,韓国語,韓国語,23.0,女性,255,N2
KKR15,韓国語,韓国語,23.0,男性,255,N2
KKR58,韓国語,韓国語,21.0,女性,254,N2
KKR23,韓国語,韓国語,25.0,男性,251,N2
KKD04,韓国語,韓国語,26.0,男性,250,N2
KKR17,韓国語,韓国語,26.0,女性,250,N2
KKR30,韓国語,韓国語,23.0,女性,250,N2
JJN56,国内自然習得,韓国語,39.0,女性,249,N3
KKD35,韓国語,韓国語,24.0,女性,249,N3
KKR36,韓国語,韓国語,20.0,男性,248,N3
KKR47,韓国語,韓国語,23.0,男性,248,N3
KKD20,韓国語,韓国語,28.0,男性,246,N3
JJE68,国内教室環境,韓国語,27.0,男性,245,N3
KKR50,韓国語,韓国語,23.0,女性,244,N3
KKR11,韓国語,韓国語,20.0,女性,243,N3
KKR51,韓国語,韓国語,22.0,女性,243,N3
KKR35,韓国語,韓国語,26.0,男性,242,N3
KKR53,韓国語,韓国語,24.0,女性,241,N3
KKR25,韓国語,韓国語,21.0,女性,163,N4
KKD46,韓国語,韓国語,19.0,男性,240,N3
KKD52,韓国語,韓国語,21.0,女性,166,N4
KKR49,韓国語,韓国語,24.0,女性,239,N3
KKD50,韓国語,韓国語,25.0,男性,238,N3
KKD41,韓国語,韓国語,21.0,女性,235,N3
KKR14,韓国語,韓国語,26.0,女性,235,N3
JJE70,国内教室環境,韓国語,20.0,女性,232,N3
KKD10,韓国語,韓国語,25.0,女性,231,N3
KKD47,韓国語,韓国語,19.0,男性,231,N3
JJN63,国内自然習得,韓国語,43.0,女性,230,N3
KKR07,韓国語,韓国語,21.0,女性,174,N4
KKD55,韓国語,韓国語,22.0,女性,229,N3
KKR57,韓国語,韓国語,24.0,女性,176,N4
KKD34,韓国語,韓国語,26.0,男性,177,N4
KKD18,韓国語,韓国語,28.0,女性,226,N3
KKD38,韓国語,韓国語,26.0,女性,226,N3
KKR09,韓国語,韓国語,24.0,男性,225,N3
KKD06,韓国語,韓国語,23.0,女性,178,N4
KKR37,韓国語,韓国語,24.0,男性,223,N3
KKD14,韓国語,韓国語,26.0,男性,221,N3
KKD43,韓国語,韓国語,23.0,女性,221,N3
KKR19,韓国語,韓国語,25.0,男性,221,N3
KKR55,韓国語,韓国語,21.0,男性,220,N3
KKD26,韓国語,韓国語,20.0,男性,183,N4
KKD45,韓国語,韓国語,23.0,男性,185,N4
KKR01,韓国語,韓国語,22.0,女性,215,N3
JJN49,国内自然習得,タガログ語,54.0,女性,55,N5
JJN06,国内自然習得,タガログ語,42.0,女性,127,N5
JJN53,国内自然習得,タガログ語,31.0,女性,245,N3
JJN44,国内自然習得,スペイン語,54.0,男性,58,N5
SES09,スペイン語,スペイン語,21.0,女性,59,N5
SES40,スペイン語,スペイン語,22.0,女性,66,N5
SES07,スペイン語,スペイン語,21.0,女性,74,N5
SES56,スペイン語,スペイン語,22.0,男性,82,N5
SES58,スペイン語,スペイン語,33.0,男性,85,N5
SES08,スペイン語,スペイン語,20.0,男性,101,N5
SES54,スペイン語,スペイン語,24.0,男性,102,N5
SES47,スペイン語,スペイン語,21.0,男性,103,N5
SES12,スペイン語,スペイン語,27.0,女性,104,N5
SES03,スペイン語,スペイン語,24.0,女性,110,N5
SES22,スペイン語,スペイン語,24.0,女性,114,N5
SES37,スペイン語,スペイン語,24.0,男性,117,N5
SES19,スペイン語,スペイン語,24.0,男性,122,N5
SES15,スペイン語,スペイン語,27.0,男性,123,N5
SES18,スペイン語,スペイン語,27.0,男性,125,N5
SES17,スペイン語,スペイン語,21.0,女性,127,N5
SES45,スペイン語,スペイン語,22.0,女性,130,N5
SES26,スペイン語,スペイン語,26.0,男性,131,N5
SES48,スペイン語,スペイン語,25.0,女性,132,N5
SES52,スペイン語,スペイン語,31.0,女性,133,N5
SES43,スペイン語,スペイン語,25.0,女性,135,N5
SES55,スペイン語,スペイン語,28.0,男性,136,N5
SES01,スペイン語,スペイン語,23.0,女性,137,N5
SES21,スペイン語,スペイン語,24.0,男性,138,N5
SES33,スペイン語,スペイン語,22.0,女性,141,N5
JJN11,国内自然習得,スペイン語,31.0,男性,142,N5
SES11,スペイン語,スペイン語,35.0,男性,148,N5
SES39,スペイン語,スペイン語,33.0,女性,149,N5
SES49,スペイン語,スペイン語,30.0,女性,149,N5
JJN47,国内自然習得,スペイン語,58.0,女性,150,N4
SES20,スペイン語,スペイン語,26.0,女性,150,N4
SES38,スペイン語,スペイン語,25.0,男性,151,N4
SES24,スペイン語,スペイン語,41.0,女性,153,N4
SES34,スペイン語,スペイン語,23.0,男性,153,N4
SES14,スペイン語,スペイン語,31.0,男性,154,N4
SES02,スペイン語,スペイン語,24.0,女性,157,N4
SES05,スペイン語,スペイン語,21.0,女性,163,N4
SES42,スペイン語,スペイン語,21.0,女性,164,N4
JJC18,国内教室環境,スペイン語,33.0,男性,167,N4
SES53,スペイン語,スペイン語,26.0,男性,236,N3
SES35,スペイン語,スペイン語,26.0,女性,169,N4
SES32,スペイン語,スペイン語,23.0,女性,172,N4
SES50,スペイン語,スペイン語,25.0,女性,172,N4
SES23,スペイン語,スペイン語,46.0,男性,178,N4
JJN18,国内自然習得,スペイン語,42.0,女性,179,N4
SES30,スペイン語,スペイン語,29.0,男性,179,N4
SES06,スペイン語,スペイン語,21.0,女性,182,N4
SES41,スペイン語,スペイン語,26.0,女性,182,N4
SES36,スペイン語,スペイン語,28.0,女性,184,N4
SES28,スペイン語,スペイン語,25.0,女性,217,N3
SES16,スペイン語,スペイン語,22.0,女性,186,N4
JJN04,国内自然習得,スペイン語,26.0,男性,214,N3
SES25,スペイン語,スペイン語,21.0,男性,212,N3
JJC29,国内教室環境,スペイン語,43.0,女性,211,N3
SES04,スペイン語,スペイン語,21.0,女性,206,N3
SES27,スペイン語,スペイン語,25.0,男性,196,N4
CCS39,中国語(台湾),中国語（台湾）,21.0,女性,347,N1
CCS40,中国語(台湾),中国語（台湾）,21.0,女性,338,N1
CCS55,中国語(台湾),中国語（台湾）,21.0,女性,336,N1
CCS24,中国語(台湾),中国語（台湾）,21.0,男性,332,N1
CCT24,中国語(台湾),中国語（台湾）,22.0,女性,321,N1
CCS32,中国語(台湾),中国語（台湾）,21.0,女性,320,N1
CCT37,中国語(台湾),中国語（台湾）,21.0,女性,314,N1
CCT14,中国語(台湾),中国語（台湾）,21.0,女性,313,N1
CCS09,中国語(台湾),中国語（台湾）,21.0,男性,310,N1
CCT10,中国語(台湾),中国語（台湾）,21.0,女性,307,N1
CCS50,中国語(台湾),中国語（台湾）,21.0,女性,304,N1
CCS04,中国語(台湾),中国語（台湾）,21.0,女性,300,N1
CCS45,中国語(台湾),中国語（台湾）,21.0,女性,298,N2
CCT23,中国語(台湾),中国語（台湾）,21.0,女性,297,N2
CCT18,中国語(台湾),中国語（台湾）,19.0,男性,295,N2
JJC48,国内教室環境,中国語（台湾）,27.0,男性,295,N2
CCS52,中国語(台湾),中国語（台湾）,21.0,女性,294,N2
CCS53,中国語(台湾),中国語（台湾）,22.0,男性,293,N2
CCT31,中国語(台湾),中国語（台湾）,21.0,女性,292,N2
CCS51,中国語(台湾),中国語（台湾）,21.0,女性,291,N2
CCS08,中国語(台湾),中国語（台湾）,22.0,女性,287,N2
CCT38,中国語(台湾),中国語（台湾）,22.0,男性,286,N2
CCT44,中国語(台湾),中国語（台湾）,21.0,女性,286,N2
CCT46,中国語(台湾),中国語（台湾）,21.0,男性,281,N2
JJC45,国内教室環境,中国語（台湾）,25.0,男性,280,N2
CCT07,中国語(台湾),中国語（台湾）,20.0,男性,279,N2
CCS12,中国語(台湾),中国語（台湾）,21.0,女性,278,N2
CCT59,中国語(台湾),中国語（台湾）,23.0,女性,278,N2
CCS02,中国語(台湾),中国語（台湾）,21.0,女性,277,N2
CCS33,中国語(台湾),中国語（台湾）,22.0,女性,276,N2
CCT13,中国語(台湾),中国語（台湾）,21.0,女性,276,N2
CCS01,中国語(台湾),中国語（台湾）,21.0,女性,265,N2
CCS20,中国語(台湾),中国語（台湾）,21.0,女性,275,N2
CCS03,中国語(台湾),中国語（台湾）,21.0,女性,243,N3
CCS57,中国語(台湾),中国語（台湾）,22.0,女性,275,N2
CCS07,中国語(台湾),中国語（台湾）,21.0,女性,274,N2
CCS10,中国語(台湾),中国語（台湾）,21.0,女性,240,N3
CCS13,中国語(台湾),中国語（台湾）,22.0,女性,257,N2
CCS14,中国語(台湾),中国語（台湾）,21.0,女性,221,N3
CCS49,中国語(台湾),中国語（台湾）,22.0,女性,272,N2
CCS16,中国語(台湾),中国語（台湾）,21.0,女性,260,N2
CCS17,中国語(台湾),中国語（台湾）,21.0,男性,257,N2
JJC38,国内教室環境,中国語（台湾）,25.0,男性,272,N2
CCS18,中国語(台湾),中国語（台湾）,21.0,女性,205,N3
CCS21,中国語(台湾),中国語（台湾）,21.0,女性,174,N4
CCT15,中国語(台湾),中国語（台湾）,20.0,女性,271,N2
CCS23,中国語(台湾),中国語（台湾）,22.0,女性,190,N4
CCT54,中国語(台湾),中国語（台湾）,20.0,女性,271,N2
CCS25,中国語(台湾),中国語（台湾）,22.0,男性,270,N2
JJC31,国内教室環境,中国語（台湾）,21.0,女性,269,N2
CCS26,中国語(台湾),中国語（台湾）,21.0,男性,250,N2
CCS29,中国語(台湾),中国語（台湾）,21.0,女性,262,N2
CCS30,中国語(台湾),中国語（台湾）,21.0,女性,254,N2
CCS31,中国語(台湾),中国語（台湾）,21.0,女性,235,N3
CCS35,中国語(台湾),中国語（台湾）,22.0,女性,266,N2
CCS36,中国語(台湾),中国語（台湾）,21.0,女性,228,N3
CCS37,中国語(台湾),中国語（台湾）,21.0,女性,223,N3
CCS38,中国語(台湾),中国語（台湾）,22.0,女性,217,N3
CCS41,中国語(台湾),中国語（台湾）,21.0,女性,179,N4
CCS42,中国語(台湾),中国語（台湾）,21.0,女性,250,N2
CCS43,中国語(台湾),中国語（台湾）,21.0,女性,177,N4
CCS44,中国語(台湾),中国語（台湾）,21.0,女性,230,N3
CCS58,中国語(台湾),中国語（台湾）,21.0,男性,265,N2
CCS46,中国語(台湾),中国語（台湾）,21.0,女性,254,N2
CCT35,中国語(台湾),中国語（台湾）,19.0,女性,265,N2
CCS47,中国語(台湾),中国語（台湾）,23.0,女性,234,N3
CCS48,中国語(台湾),中国語（台湾）,21.0,女性,224,N3
CCS54,中国語(台湾),中国語（台湾）,21.0,男性,246,N3
CCS56,中国語(台湾),中国語（台湾）,21.0,女性,254,N2
CCT39,中国語(台湾),中国語（台湾）,19.0,女性,261,N2
CCT41,中国語(台湾),中国語（台湾）,19.0,女性,261,N2
CCS60,中国語(台湾),中国語（台湾）,22.0,女性,212,N3
CCT02,中国語(台湾),中国語（台湾）,19.0,女性,239,N3
CCT04,中国語(台湾),中国語（台湾）,19.0,女性,253,N2
CCT05,中国語(台湾),中国語（台湾）,20.0,女性,218,N3
CCT48,中国語(台湾),中国語（台湾）,23.0,女性,260,N2
CCT08,中国語(台湾),中国語（台湾）,21.0,女性,188,N4
JJC35,国内教室環境,中国語（台湾）,25.0,女性,260,N2
CCT11,中国語(台湾),中国語（台湾）,22.0,女性,249,N3
CCT16,中国語(台湾),中国語（台湾）,20.0,女性,254,N2
CCT17,中国語(台湾),中国語（台湾）,22.0,女性,246,N3
CCT19,中国語(台湾),中国語（台湾）,21.0,女性,258,N2
CCT20,中国語(台湾),中国語（台湾）,21.0,女性,214,N3
CCT22,中国語(台湾),中国語（台湾）,21.0,女性,213,N3
CCT51,中国語(台湾),中国語（台湾）,22.0,女性,258,N2
CCT25,中国語(台湾),中国語（台湾）,20.0,女性,193,N4
CCT26,中国語(台湾),中国語（台湾）,20.0,女性,246,N3
CCT27,中国語(台湾),中国語（台湾）,20.0,女性,255,N2
CCT28,中国語(台湾),中国語（台湾）,21.0,女性,216,N3
CCT29,中国語(台湾),中国語（台湾）,20.0,男性,239,N3
CCT33,中国語(台湾),中国語（台湾）,20.0,女性,218,N3
CCT34,中国語(台湾),中国語（台湾）,20.0,女性,210,N3
CCT53,中国語(台湾),中国語（台湾）,22.0,女性,257,N2
CCT40,中国語(台湾),中国語（台湾）,19.0,女性,229,N3
CCT43,中国語(台湾),中国語（台湾）,21.0,女性,232,N3
CCT45,中国語(台湾),中国語（台湾）,19.0,女性,228,N3
CCT49,中国語(台湾),中国語（台湾）,23.0,女性,191,N4
CCT50,中国語(台湾),中国語（台湾）,21.0,女性,249,N3
CCT52,中国語(台湾),中国語（台湾）,21.0,女性,237,N3
CCT55,中国語(台湾),中国語（台湾）,20.0,女性,219,N3
CCT56,中国語(台湾),中国語（台湾）,21.0,女性,247,N3
CCT57,中国語(台湾),中国語（台湾）,21.0,女性,191,N4
CCT58,中国語(台湾),中国語（台湾）,20.0,女性,234,N3
CCT60,中国語(台湾),中国語（台湾）,21.0,女性,249,N3
CCT61,中国語(台湾),中国語（台湾）,22.0,女性,209,N3
JJN26,国内自然習得,中国語（台湾）,33.0,女性,242,N3
JJC36,国内教室環境,中国語（台湾）,35.0,女性,235,N3
JJC34,国内教室環境,中国語（台湾）,28.0,女性,206,N3
EUS38,英語(D有),英語,18.0,女性,61,N5
EUS25,英語(D有),英語,19.0,女性,65,N5
EUS49,英語(D有),英語,23.0,男性,68,N5
EGB05,英語(D有),英語,25.0,男性,88,N5
EUS55,英語(D有),英語,26.0,男性,90,N5
EUS53,英語(D有),英語,19.0,女性,91,N5
EUS54,英語(D有),英語,21.0,女性,91,N5
EUS05,英語(D有),英語,18.0,女性,94,N5
EUS26,英語(D有),英語,21.0,女性,95,N5
EUS36,英語(D有),英語,20.0,男性,95,N5
EUS42,英語(D有),英語,22.0,女性,95,N5
EAU09,英語(D無),英語,21.0,男性,106,N5
EGB13,英語(D有),英語,25.0,男性,107,N5
EUS11,英語(D有),英語,24.0,男性,109,N5
JJN27,国内自然習得,英語,24.0,女性,111,N5
EUS08,英語(D有),英語,19.0,女性,113,N5
EGB04,英語(D有),英語,25.0,女性,116,N5
EUS15,英語(D有),英語,22.0,女性,117,N5
EUS30,英語(D有),英語,19.0,女性,121,N5
ENZ18,英語(D無),英語,19.0,女性,122,N5
EAU08,英語(D無),英語,19.0,女性,123,N5
EUS14,英語(D有),英語,22.0,女性,284,N2
EUS21,英語(D有),英語,19.0,女性,124,N5
ENZ14,英語(D無),英語,24.0,女性,125,N5
EUS39,英語(D有),英語,24.0,男性,125,N5
JJN20,国内自然習得,英語,42.0,男性,281,N2
EUS23,英語(D有),英語,18.0,女性,128,N5
EUS18,英語(D有),英語,19.0,男性,129,N5
ENZ32,英語(D無),英語,21.0,女性,130,N5
EUS40,英語(D有),英語,29.0,男性,131,N5
EUS47,英語(D有),英語,19.0,男性,132,N5
EUS13,英語(D有),英語,20.0,女性,133,N5
EUS43,英語(D有),英語,25.0,男性,134,N5
ENZ31,英語(D無),英語,19.0,女性,272,N2
EAU14,英語(D無),英語,19.0,男性,136,N5
JJN24,国内自然習得,英語,26.0,男性,137,N5
EGB15,英語(D有),英語,24.0,女性,138,N5
EGB19,英語(D有),英語,21.0,女性,138,N5
ENZ23,英語(D無),英語,21.0,女性,139,N5
ENZ27,英語(D無),英語,21.0,男性,143,N5
ENZ43,英語(D無),英語,20.0,女性,143,N5
EAU29,英語(D無),英語,21.0,女性,144,N5
EAU30,英語(D無),英語,23.0,女性,144,N5
ENZ41,英語(D無),英語,21.0,男性,144,N5
EUS20,英語(D有),英語,22.0,男性,144,N5
ENZ30,英語(D無),英語,21.0,女性,149,N5
ENZ38,英語(D無),英語,19.0,男性,149,N5
EAU40,英語(D無),英語,24.0,女性,257,N2
EGB01,英語(D有),英語,20.0,男性,151,N4
ENZ48,英語(D無),英語,20.0,女性,151,N4
EUS03,英語(D有),英語,23.0,女性,254,N2
EAU32,英語(D無),英語,19.0,女性,153,N4
EAU03,英語(D無),英語,21.0,女性,198,N4
EAU05,英語(D無),英語,21.0,男性,194,N4
EAU07,英語(D無),英語,19.0,女性,222,N3
EAU11,英語(D無),英語,19.0,女性,183,N4
EAU15,英語(D無),英語,23.0,女性,231,N3
EAU16,英語(D無),英語,21.0,女性,165,N4
EAU18,英語(D無),英語,,女性,217,N3
EAU20,英語(D無),英語,18.0,女性,221,N3
EAU23,英語(D無),英語,19.0,女性,178,N4
EAU24,英語(D無),英語,21.0,女性,239,N3
EUS46,英語(D有),英語,18.0,男性,156,N4
EAU28,英語(D無),英語,24.0,男性,214,N3
JJN30,国内自然習得,英語,27.0,男性,156,N4
EAU31,英語(D無),英語,20.0,女性,197,N4
EGB23,英語(D有),英語,19.0,男性,157,N4
EUS12,英語(D有),英語,19.0,女性,157,N4
EAU34,英語(D無),英語,21.0,男性,235,N3
EAU36,英語(D無),英語,20.0,女性,203,N3
EAU37,英語(D無),英語,22.0,男性,194,N4
EAU38,英語(D無),英語,18.0,男性,209,N3
EGB03,英語(D有),英語,21.0,男性,224,N3
EGB07,英語(D有),英語,19.0,女性,184,N4
EGB08,英語(D有),英語,20.0,女性,179,N4
EGB10,英語(D有),英語,18.0,男性,179,N4
EGB11,英語(D有),英語,21.0,男性,194,N4
EGB17,英語(D有),英語,23.0,男性,200,N3
EGB21,英語(D有),英語,21.0,男性,223,N3
EGB22,英語(D有),英語,20.0,女性,195,N4
EGB26,英語(D有),英語,23.0,女性,173,N4
EGB28,英語(D有),英語,24.0,男性,237,N3
EGB29,英語(D有),英語,22.0,女性,204,N3
EGB30,英語(D有),英語,25.0,女性,214,N3
ENZ02,英語(D無),英語,21.0,女性,172,N4
ENZ08,英語(D無),英語,18.0,女性,198,N4
ENZ12,英語(D無),英語,21.0,女性,202,N3
ENZ13,英語(D無),英語,22.0,男性,239,N3
ENZ20,英語(D無),英語,20.0,女性,191,N4
ENZ29,英語(D無),英語,22.0,女性,216,N3
EUS33,英語(D有),英語,35.0,男性,241,N3
ENZ33,英語(D無),英語,19.0,女性,172,N4
ENZ35,英語(D無),英語,21.0,女性,168,N4
ENZ39,英語(D無),英語,20.0,女性,195,N4
EUS01,英語(D有),英語,22.0,女性,205,N3
EUS02,英語(D有),英語,23.0,男性,239,N3
EUS50,英語(D有),英語,26.0,男性,167,N4
EUS17,英語(D有),英語,21.0,女性,170,N4
EUS31,英語(D有),英語,26.0,男性,168,N4
EUS24,英語(D有),英語,22.0,男性,185,N4
EUS27,英語(D有),英語,21.0,女性,171,N4
EUS29,英語(D有),英語,22.0,女性,190,N4
EUS32,英語(D有),英語,22.0,男性,229,N3
EUS35,英語(D有),英語,26.0,女性,189,N4
JJE69,国内教室環境,英語,17.0,男性,232,N3
JJN55,国内自然習得,英語,38.0,男性,175,N4
JJN05,国内自然習得,英語,36.0,女性,219,N3
TTR03,トルコ語,トルコ語,21.0,女性,62,N5
TTR10,トルコ語,トルコ語,20.0,男性,67,N5
TTR55,トルコ語,トルコ語,19.0,女性,70,N5
TTR15,トルコ語,トルコ語,21.0,女性,81,N5
TTR27,トルコ語,トルコ語,44.0,女性,83,N5
TTR51,トルコ語,トルコ語,21.0,女性,84,N5
TTR08,トルコ語,トルコ語,21.0,女性,86,N5
TTR54,トルコ語,トルコ語,24.0,男性,94,N5
TTR36,トルコ語,トルコ語,20.0,男性,95,N5
TTR23,トルコ語,トルコ語,18.0,女性,98,N5
TTR16,トルコ語,トルコ語,21.0,男性,101,N5
TTR25,トルコ語,トルコ語,19.0,男性,106,N5
TTR02,トルコ語,トルコ語,22.0,女性,111,N5
TTR05,トルコ語,トルコ語,20.0,女性,119,N5
TTR53,トルコ語,トルコ語,22.0,女性,276,N2
TTR49,トルコ語,トルコ語,22.0,男性,133,N5
TTR19,トルコ語,トルコ語,21.0,男性,139,N5
TTR11,トルコ語,トルコ語,22.0,女性,143,N5
TTR20,トルコ語,トルコ語,20.0,男性,144,N5
TTR45,トルコ語,トルコ語,22.0,女性,257,N2
TTR47,トルコ語,トルコ語,23.0,女性,150,N4
TTR58,トルコ語,トルコ語,22.0,女性,150,N4
TTR42,トルコ語,トルコ語,18.0,女性,154,N4
TTR37,トルコ語,トルコ語,20.0,女性,155,N4
TTR24,トルコ語,トルコ語,20.0,女性,158,N4
TTR52,トルコ語,トルコ語,20.0,男性,159,N4
TTR04,トルコ語,トルコ語,25.0,男性,243,N3
TTR34,トルコ語,トルコ語,21.0,女性,162,N4
TTR28,トルコ語,トルコ語,22.0,女性,167,N4
TTR61,トルコ語,トルコ語,22.0,男性,237,N3
TTR57,トルコ語,トルコ語,22.0,女性,169,N4
TTR29,トルコ語,トルコ語,24.0,女性,170,N4
TTR26,トルコ語,トルコ語,21.0,女性,232,N3
TTR13,トルコ語,トルコ語,20.0,女性,173,N4
TTR39,トルコ語,トルコ語,25.0,女性,173,N4
TTR46,トルコ語,トルコ語,20.0,男性,228,N3
TTR60,トルコ語,トルコ語,19.0,女性,227,N3
TTR18,トルコ語,トルコ語,25.0,男性,177,N4
TTR43,トルコ語,トルコ語,21.0,男性,219,N3
TTR59,トルコ語,トルコ語,22.0,男性,185,N4
TTR56,トルコ語,トルコ語,21.0,男性,217,N3
TTR06,トルコ語,トルコ語,24.0,男性,186,N4
TTR33,トルコ語,トルコ語,20.0,女性,186,N4
TTR14,トルコ語,トルコ語,22.0,男性,189,N4
TTR17,トルコ語,トルコ語,20.0,男性,189,N4
TTR48,トルコ語,トルコ語,23.0,女性,212,N3
TTR35,トルコ語,トルコ語,20.0,男性,210,N3
TTR41,トルコ語,トルコ語,22.0,女性,192,N4
TTR50,トルコ語,トルコ語,23.0,女性,192,N4
TTR12,トルコ語,トルコ語,21.0,女性,196,N4
FFR56,フランス語,フランス語,21.0,男性,72,N5
FFR02,フランス語,フランス語,20.0,女性,112,N5
FFR26,フランス語,フランス語,27.0,男性,116,N5
FFR36,フランス語,フランス語,19.0,女性,119,N5
FFR30,フランス語,フランス語,19.0,女性,120,N5
FFR04,フランス語,フランス語,20.0,女性,130,N5
FFR37,フランス語,フランス語,22.0,女性,134,N5
FFR25,フランス語,フランス語,20.0,女性,135,N5
FFR35,フランス語,フランス語,20.0,女性,135,N5
FFR32,フランス語,フランス語,25.0,女性,136,N5
FFR45,フランス語,フランス語,24.0,女性,137,N5
FFR51,フランス語,フランス語,21.0,女性,138,N5
FFR59,フランス語,フランス語,20.0,女性,140,N5
FFR39,フランス語,フランス語,21.0,女性,141,N5
FFR33,フランス語,フランス語,22.0,男性,144,N5
FFR54,フランス語,フランス語,19.0,女性,146,N5
FFR13,フランス語,フランス語,20.0,男性,148,N5
FFR18,フランス語,フランス語,23.0,男性,148,N5
FFR31,フランス語,フランス語,19.0,女性,150,N4
FFR46,フランス語,フランス語,23.0,女性,151,N4
FFR01,フランス語,フランス語,21.0,女性,152,N4
FFR62,フランス語,フランス語,24.0,男性,251,N2
FFR11,フランス語,フランス語,21.0,女性,154,N4
FFR55,フランス語,フランス語,20.0,女性,154,N4
FFR63,フランス語,フランス語,21.0,女性,159,N4
FFR22,フランス語,フランス語,20.0,男性,160,N4
FFR20,フランス語,フランス語,21.0,女性,161,N4
FFR53,フランス語,フランス語,23.0,男性,161,N4
FFR57,フランス語,フランス語,19.0,女性,162,N4
FFR06,フランス語,フランス語,24.0,女性,168,N4
FFR19,フランス語,フランス語,26.0,男性,168,N4
FFR15,フランス語,フランス語,20.0,女性,171,N4
FFR44,フランス語,フランス語,21.0,女性,171,N4
FFR03,フランス語,フランス語,27.0,男性,226,N3
FFR42,フランス語,フランス語,20.0,男性,172,N4
FFR07,フランス語,フランス語,29.0,男性,176,N4
FFR08,フランス語,フランス語,20.0,女性,179,N4
FFR10,フランス語,フランス語,23.0,女性,209,N3
FFR17,フランス語,フランス語,19.0,女性,175,N4
FFR23,フランス語,フランス語,21.0,男性,173,N4
FFR24,フランス語,フランス語,23.0,男性,190,N4
FFR27,フランス語,フランス語,21.0,女性,175,N4
FFR38,フランス語,フランス語,22.0,女性,179,N4
FFR40,フランス語,フランス語,22.0,女性,192,N4
JJN29,国内自然習得,フランス語,41.0,女性,227,N3
FFR47,フランス語,フランス語,24.0,女性,191,N4
FFR49,フランス語,フランス語,19.0,女性,184,N4
FFR50,フランス語,フランス語,22.0,男性,206,N3
FFR61,フランス語,フランス語,24.0,男性,178,N4
FFR60,フランス語,フランス語,24.0,男性,179,N4
FFR64,フランス語,フランス語,23.0,女性,184,N4
JJN52,国内自然習得,インドネシア語,56.0,男性,81,N5
IID08,インドネシア語,インドネシア語,21.0,男性,85,N5
IID54,インドネシア語,インドネシア語,21.0,男性,101,N5
IID12,インドネシア語,インドネシア語,22.0,女性,107,N5
IID38,インドネシア語,インドネシア語,21.0,女性,120,N5
IID02,インドネシア語,インドネシア語,21.0,女性,124,N5
IID41,インドネシア語,インドネシア語,21.0,女性,129,N5
IID55,インドネシア語,インドネシア語,21.0,女性,134,N5
IID42,インドネシア語,インドネシア語,22.0,男性,136,N5
IID49,インドネシア語,インドネシア語,20.0,女性,145,N5
IID34,インドネシア語,インドネシア語,21.0,女性,151,N4
IID43,インドネシア語,インドネシア語,21.0,女性,151,N4
JJN51,国内自然習得,インドネシア語,56.0,女性,151,N4
IID44,インドネシア語,インドネシア語,21.0,男性,152,N4
IID33,インドネシア語,インドネシア語,21.0,女性,155,N4
IID25,インドネシア語,インドネシア語,18.0,男性,159,N4
IID10,インドネシア語,インドネシア語,21.0,女性,160,N4
IID31,インドネシア語,インドネシア語,21.0,女性,161,N4
IID48,インドネシア語,インドネシア語,21.0,女性,165,N4
IID52,インドネシア語,インドネシア語,20.0,男性,166,N4
IID03,インドネシア語,インドネシア語,20.0,女性,168,N4
IID50,インドネシア語,インドネシア語,20.0,女性,169,N4
IID11,インドネシア語,インドネシア語,21.0,女性,170,N4
IID47,インドネシア語,インドネシア語,20.0,女性,171,N4
IID51,インドネシア語,インドネシア語,20.0,女性,172,N4
IID14,インドネシア語,インドネシア語,21.0,男性,173,N4
IID16,インドネシア語,インドネシア語,20.0,女性,176,N4
IID07,インドネシア語,インドネシア語,21.0,女性,178,N4
IID28,インドネシア語,インドネシア語,21.0,女性,181,N4
IID39,インドネシア語,インドネシア語,21.0,女性,183,N4
IID40,インドネシア語,インドネシア語,21.0,女性,183,N4
IID23,インドネシア語,インドネシア語,22.0,女性,184,N4
IID46,インドネシア語,インドネシア語,20.0,女性,217,N3
IID09,インドネシア語,インドネシア語,20.0,女性,186,N4
IID26,インドネシア語,インドネシア語,20.0,女性,214,N3
IID36,インドネシア語,インドネシア語,23.0,男性,214,N3
IID18,インドネシア語,インドネシア語,21.0,女性,188,N4
IID06,インドネシア語,インドネシア語,21.0,女性,211,N3
IID13,インドネシア語,インドネシア語,21.0,女性,211,N3
IID22,インドネシア語,インドネシア語,22.0,女性,211,N3
IID24,インドネシア語,インドネシア語,21.0,男性,191,N4
IID45,インドネシア語,インドネシア語,21.0,女性,191,N4
IID01,インドネシア語,インドネシア語,21.0,女性,196,N4
IID19,インドネシア語,インドネシア語,22.0,女性,208,N3
IID32,インドネシア語,インドネシア語,21.0,女性,208,N3
IID35,インドネシア語,インドネシア語,21.0,女性,208,N3
IID15,インドネシア語,インドネシア語,20.0,男性,205,N3
IID17,インドネシア語,インドネシア語,22.0,女性,202,N3
IID20,インドネシア語,インドネシア語,21.0,女性,201,N3
IID27,インドネシア語,インドネシア語,21.0,女性,202,N3
IID29,インドネシア語,インドネシア語,21.0,女性,203,N3
IID56,インドネシア語,インドネシア語,20.0,女性,202,N3
TTH09,タイ語,タイ語,22.0,女性,331,N1
TTH50,タイ語,タイ語,30.0,女性,322,N1
TTH03,タイ語,タイ語,21.0,男性,281,N2
TTH04,タイ語,タイ語,22.0,女性,275,N2
TTH11,タイ語,タイ語,26.0,女性,275,N2
TTH33,タイ語,タイ語,27.0,女性,272,N2
TTH25,タイ語,タイ語,21.0,女性,268,N2
TTH48,タイ語,タイ語,21.0,女性,141,N5
TTH26,タイ語,タイ語,22.0,女性,257,N2
TTH08,タイ語,タイ語,19.0,女性,153,N4
TTH24,タイ語,タイ語,22.0,女性,158,N4
JJC20,国内教室環境,タイ語,23.0,女性,246,N3
TTH43,タイ語,タイ語,22.0,女性,246,N3
JJC09,国内教室環境,タイ語,29.0,男性,244,N3
TTH37,タイ語,タイ語,22.0,女性,244,N3
TTH15,タイ語,タイ語,30.0,女性,241,N3
TTH31,タイ語,タイ語,22.0,男性,240,N3
TTH21,タイ語,タイ語,21.0,女性,237,N3
TTH52,タイ語,タイ語,21.0,男性,237,N3
TTH30,タイ語,タイ語,21.0,女性,170,N4
TTH34,タイ語,タイ語,20.0,女性,232,N3
TTH20,タイ語,タイ語,21.0,男性,174,N4
TTH46,タイ語,タイ語,22.0,女性,229,N3
TTH29,タイ語,タイ語,20.0,男性,228,N3
TTH51,タイ語,タイ語,21.0,女性,228,N3
TTH45,タイ語,タイ語,22.0,女性,175,N4
TTH42,タイ語,タイ語,20.0,女性,225,N3
TTH41,タイ語,タイ語,20.0,女性,224,N3
TTH47,タイ語,タイ語,21.0,女性,179,N4
TTH44,タイ語,タイ語,22.0,女性,223,N3
TTH53,タイ語,タイ語,22.0,女性,223,N3
TTH49,タイ語,タイ語,21.0,女性,182,N4
TTH12,タイ語,タイ語,22.0,女性,219,N3
TTH38,タイ語,タイ語,19.0,男性,185,N4
TTH39,タイ語,タイ語,21.0,女性,217,N3
TTH05,タイ語,タイ語,22.0,女性,186,N4
TTH22,タイ語,タイ語,21.0,女性,214,N3
TTH14,タイ語,タイ語,20.0,女性,189,N4
TTH27,タイ語,タイ語,20.0,女性,213,N3
TTH10,タイ語,タイ語,21.0,女性,211,N3
TTH35,タイ語,タイ語,20.0,女性,191,N4
TTH36,タイ語,タイ語,21.0,女性,191,N4
TTH19,タイ語,タイ語,21.0,女性,192,N4
TTH01,タイ語,タイ語,32.0,男性,209,N3
TTH23,タイ語,タイ語,21.0,女性,192,N4
TTH13,タイ語,タイ語,20.0,女性,193,N4
TTH32,タイ語,タイ語,22.0,女性,206,N3
TTH40,タイ語,タイ語,20.0,女性,206,N3
TTH07,タイ語,タイ語,19.0,女性,205,N3
TTH28,タイ語,タイ語,20.0,女性,197,N4
JJC57,国内教室環境,タイ語,30.0,女性,198,N4
TTH16,タイ語,タイ語,20.0,女性,198,N4
TTH18,タイ語,タイ語,21.0,女性,200,N3
RRS18,ロシア語,ロシア語,21.0,男性,81,N5
RRS04,ロシア語,ロシア語,20.0,男性,304,N1
RRS29,ロシア語,ロシア語,19.0,女性,106,N5
RRS10,ロシア語,ロシア語,19.0,女性,117,N5
RRS43,ロシア語,ロシア語,20.0,女性,117,N5
RRS15,ロシア語,ロシア語,18.0,女性,133,N5
RRS06,ロシア語,ロシア語,18.0,女性,136,N5
RRS22,ロシア語,ロシア語,22.0,男性,266,N2
RRS53,ロシア語,ロシア語,21.0,女性,138,N5
RRS21,ロシア語,ロシア語,22.0,女性,265,N2
RRS16,ロシア語,ロシア語,17.0,女性,139,N5
RRS05,ロシア語,ロシア語,18.0,女性,141,N5
RRS60,ロシア語,ロシア語,19.0,女性,261,N2
RRS38,ロシア語,ロシア語,18.0,未回答,145,N5
RRS58,ロシア語,ロシア語,19.0,女性,151,N4
RRS59,ロシア語,ロシア語,18.0,女性,151,N4
RRS56,ロシア語,ロシア語,24.0,女性,252,N2
RRS19,ロシア語,ロシア語,24.0,男性,158,N4
RRS02,ロシア語,ロシア語,19.0,女性,159,N4
RRS35,ロシア語,ロシア語,20.0,女性,159,N4
RRS33,ロシア語,ロシア語,22.0,女性,245,N3
RRS24,ロシア語,ロシア語,20.0,女性,244,N3
RRS01,ロシア語,ロシア語,18.0,女性,162,N4
RRS36,ロシア語,ロシア語,20.0,女性,164,N4
RRS42,ロシア語,ロシア語,21.0,女性,165,N4
JJC40,国内教室環境,ロシア語,21.0,男性,237,N3
RRS41,ロシア語,ロシア語,19.0,女性,170,N4
RRS27,ロシア語,ロシア語,22.0,女性,235,N3
RRS14,ロシア語,ロシア語,22.0,女性,234,N3
RRS11,ロシア語,ロシア語,23.0,女性,232,N3
RRS28,ロシア語,ロシア語,22.0,女性,172,N4
JJN39,国内自然習得,ロシア語,52.0,女性,174,N4
RRS12,ロシア語,ロシア語,17.0,女性,227,N3
RRS57,ロシア語,ロシア語,23.0,女性,225,N3
RRS20,ロシア語,ロシア語,19.0,女性,224,N3
RRS46,ロシア語,ロシア語,19.0,女性,179,N4
RRS55,ロシア語,ロシア語,20.0,女性,179,N4
RRS25,ロシア語,ロシア語,20.0,女性,180,N4
RRS03,ロシア語,ロシア語,21.0,男性,181,N4
RRS45,ロシア語,ロシア語,20.0,女性,184,N4
JJN34,国内自然習得,ロシア語,35.0,女性,217,N3
RRS34,ロシア語,ロシア語,22.0,女性,186,N4
RRS47,ロシア語,ロシア語,19.0,女性,216,N3
RRS39,ロシア語,ロシア語,22.0,女性,213,N3
RRS30,ロシア語,ロシア語,21.0,女性,212,N3
JJC52,国内教室環境,ロシア語,24.0,男性,210,N3
RRS32,ロシア語,ロシア語,24.0,未回答,210,N3
RRS49,ロシア語,ロシア語,22.0,女性,191,N4
RRS26,ロシア語,ロシア語,19.0,女性,207,N3
RRS44,ロシア語,ロシア語,18.0,男性,194,N4
RRS23,ロシア語,ロシア語,22.0,女性,206,N3
RRS40,ロシア語,ロシア語,20.0,女性,205,N3
RRS48,ロシア語,ロシア語,19.0,女性,203,N3
RRS13,ロシア語,ロシア語,22.0,未回答,201,N3
GDE04,ドイツ語,ドイツ語,23.0,男性,309,N1
GDE02,ドイツ語,ドイツ語,23.0,未回答,114,N5
GDE09,ドイツ語,ドイツ語,23.0,女性,134,N5
GAT30,ドイツ語,ドイツ語,33.0,女性,148,N5
GAT10,ドイツ語,ドイツ語,27.0,男性,149,N5
GAT36,ドイツ語,ドイツ語,23.0,女性,151,N4
GAT43,ドイツ語,ドイツ語,21.0,女性,154,N4
GAT07,ドイツ語,ドイツ語,24.0,女性,158,N4
GAT08,ドイツ語,ドイツ語,23.0,男性,161,N4
GDE14,ドイツ語,ドイツ語,33.0,男性,242,N3
GAT22,ドイツ語,ドイツ語,21.0,男性,163,N4
GAT34,ドイツ語,ドイツ語,25.0,女性,163,N4
GAT42,ドイツ語,ドイツ語,25.0,男性,163,N4
GDE13,ドイツ語,ドイツ語,23.0,男性,165,N4
GAT04,ドイツ語,ドイツ語,32.0,男性,169,N4
GAT29,ドイツ語,ドイツ語,25.0,女性,169,N4
GAT37,ドイツ語,ドイツ語,22.0,男性,235,N3
GAT27,ドイツ語,ドイツ語,26.0,男性,170,N4
GAT33,ドイツ語,ドイツ語,25.0,女性,232,N3
GAT20,ドイツ語,ドイツ語,21.0,女性,172,N4
GDE12,ドイツ語,ドイツ語,20.0,男性,173,N4
GAT11,ドイツ語,ドイツ語,20.0,男性,229,N3
GAT05,ドイツ語,ドイツ語,22.0,女性,175,N4
GAT25,ドイツ語,ドイツ語,24.0,男性,175,N4
GAT06,ドイツ語,ドイツ語,22.0,女性,176,N4
GAT31,ドイツ語,ドイツ語,21.0,女性,226,N3
GAT12,ドイツ語,ドイツ語,22.0,男性,225,N3
GAT14,ドイツ語,ドイツ語,26.0,男性,225,N3
GAT01,ドイツ語,ドイツ語,21.0,女性,223,N3
GAT02,ドイツ語,ドイツ語,21.0,女性,201,N3
GAT03,ドイツ語,ドイツ語,23.0,女性,207,N3
GAT09,ドイツ語,ドイツ語,21.0,女性,185,N4
GAT24,ドイツ語,ドイツ語,21.0,女性,223,N3
GAT46,ドイツ語,ドイツ語,21.0,女性,223,N3
GAT16,ドイツ語,ドイツ語,24.0,女性,195,N4
GAT17,ドイツ語,ドイツ語,21.0,女性,182,N4
GAT19,ドイツ語,ドイツ語,21.0,男性,184,N4
GAT21,ドイツ語,ドイツ語,24.0,女性,208,N3
GAT23,ドイツ語,ドイツ語,22.0,女性,187,N4
GAT39,ドイツ語,ドイツ語,25.0,男性,182,N4
GAT28,ドイツ語,ドイツ語,21.0,女性,207,N3
GDE16,ドイツ語,ドイツ語,22.0,女性,183,N4
GAT45,ドイツ語,ドイツ語,21.0,女性,219,N3
GAT38,ドイツ語,ドイツ語,35.0,女性,206,N3
GAT40,ドイツ語,ドイツ語,23.0,女性,200,N3
GAT41,ドイツ語,ドイツ語,19.0,女性,216,N3
GDE01,ドイツ語,ドイツ語,26.0,男性,190,N4
GDE06,ドイツ語,ドイツ語,32.0,男性,188,N4
GDE10,ドイツ語,ドイツ語,23.0,男性,194,N4
GDE15,ドイツ語,ドイツ語,21.0,女性,194,N4
JJN40,国内自然習得,ビサヤ語,24.0,女性,95,N5
JJN23,国内自然習得,ビサヤ語,46.0,女性,147,N5
JJN42,国内自然習得,ビサヤ語,18.0,女性,197,N4
HHG46,ハンガリー語,ハンガリー語,28.0,女性,301,N1
HHG03,ハンガリー語,ハンガリー語,25.0,女性,288,N2
HHG61,ハンガリー語,ハンガリー語,20.0,男性,118,N5
HHG40,ハンガリー語,ハンガリー語,23.0,女性,287,N2
HHG55,ハンガリー語,ハンガリー語,21.0,女性,283,N2
HHG02,ハンガリー語,ハンガリー語,24.0,女性,282,N2
HHG27,ハンガリー語,ハンガリー語,24.0,女性,135,N5
HHG12,ハンガリー語,ハンガリー語,21.0,女性,268,N2
HHG06,ハンガリー語,ハンガリー語,22.0,男性,138,N5
HHG36,ハンガリー語,ハンガリー語,25.0,男性,140,N5
HHG08,ハンガリー語,ハンガリー語,23.0,女性,141,N5
HHG33,ハンガリー語,ハンガリー語,27.0,女性,260,N2
HHG47,ハンガリー語,ハンガリー語,31.0,男性,259,N2
HHG56,ハンガリー語,ハンガリー語,23.0,女性,258,N2
HHG49,ハンガリー語,ハンガリー語,20.0,女性,151,N4
HHG53,ハンガリー語,ハンガリー語,21.0,女性,151,N4
HHG09,ハンガリー語,ハンガリー語,23.0,女性,250,N2
HHG59,ハンガリー語,ハンガリー語,25.0,男性,247,N3
HHG05,ハンガリー語,ハンガリー語,26.0,女性,246,N3
HHG29,ハンガリー語,ハンガリー語,29.0,女性,245,N3
HHG23,ハンガリー語,ハンガリー語,24.0,男性,160,N4
HHG32,ハンガリー語,ハンガリー語,27.0,男性,163,N4
HHG57,ハンガリー語,ハンガリー語,24.0,女性,240,N3
HHG04,ハンガリー語,ハンガリー語,20.0,女性,166,N4
HHG51,ハンガリー語,ハンガリー語,21.0,女性,239,N3
HHG07,ハンガリー語,ハンガリー語,23.0,女性,172,N4
HHG35,ハンガリー語,ハンガリー語,24.0,男性,172,N4
HHG20,ハンガリー語,ハンガリー語,22.0,女性,231,N3
HHG37,ハンガリー語,ハンガリー語,26.0,女性,230,N3
HHG39,ハンガリー語,ハンガリー語,31.0,男性,230,N3
HHG45,ハンガリー語,ハンガリー語,22.0,女性,229,N3
HHG50,ハンガリー語,ハンガリー語,21.0,女性,178,N4
HHG60,ハンガリー語,ハンガリー語,20.0,男性,178,N4
HHG19,ハンガリー語,ハンガリー語,28.0,女性,224,N3
HHG18,ハンガリー語,ハンガリー語,22.0,女性,180,N4
HHG28,ハンガリー語,ハンガリー語,22.0,男性,223,N3
HHG31,ハンガリー語,ハンガリー語,22.0,女性,221,N3
HHG30,ハンガリー語,ハンガリー語,25.0,男性,183,N4
HHG13,ハンガリー語,ハンガリー語,23.0,女性,219,N3
HHG25,ハンガリー語,ハンガリー語,22.0,女性,186,N4
HHG58,ハンガリー語,ハンガリー語,21.0,女性,186,N4
HHG44,ハンガリー語,ハンガリー語,32.0,男性,216,N3
HHG10,ハンガリー語,ハンガリー語,29.0,女性,203,N3
HHG11,ハンガリー語,ハンガリー語,21.0,女性,190,N4
HHG16,ハンガリー語,ハンガリー語,24.0,女性,206,N3
HHG21,ハンガリー語,ハンガリー語,22.0,男性,197,N4
HHG26,ハンガリー語,ハンガリー語,20.0,女性,192,N4
HHG48,ハンガリー語,ハンガリー語,24.0,男性,212,N3
HHG52,ハンガリー語,ハンガリー語,19.0,女性,199,N4
HHG54,ハンガリー語,ハンガリー語,21.0,女性,198,N4
JJC04,国内教室環境,ベトナム語,24.0,男性,104,N5
VVN20,ベトナム語,ベトナム語,20.0,女性,118,N5
JJE15,国内教室環境,ベトナム語,25.0,女性,279,N2
VVN53,ベトナム語,ベトナム語,22.0,女性,127,N5
VVN50,ベトナム語,ベトナム語,23.0,女性,275,N2
JJE11,国内教室環境,ベトナム語,23.0,女性,135,N5
VVN22,ベトナム語,ベトナム語,20.0,男性,268,N2
VVN09,ベトナム語,ベトナム語,21.0,女性,139,N5
VVN28,ベトナム語,ベトナム語,21.0,女性,141,N5
VVN40,ベトナム語,ベトナム語,20.0,女性,261,N2
JJC62,国内教室環境,ベトナム語,20.0,男性,260,N2
JJE12,国内教室環境,ベトナム語,24.0,男性,150,N4
VVN46,ベトナム語,ベトナム語,22.0,男性,152,N4
VVN32,ベトナム語,ベトナム語,22.0,女性,153,N4
JJE13,国内教室環境,ベトナム語,22.0,男性,156,N4
VVN03,ベトナム語,ベトナム語,21.0,女性,157,N4
VVN25,ベトナム語,ベトナム語,21.0,未回答,157,N4
VVN36,ベトナム語,ベトナム語,21.0,女性,157,N4
VVN47,ベトナム語,ベトナム語,21.0,男性,245,N3
VVN41,ベトナム語,ベトナム語,21.0,女性,161,N4
VVN10,ベトナム語,ベトナム語,21.0,女性,243,N3
VVN35,ベトナム語,ベトナム語,21.0,女性,162,N4
VVN38,ベトナム語,ベトナム語,21.0,女性,164,N4
VVN29,ベトナム語,ベトナム語,22.0,女性,240,N3
VVN45,ベトナム語,ベトナム語,20.0,男性,165,N4
JJC16,国内教室環境,ベトナム語,21.0,男性,170,N4
VVN17,ベトナム語,ベトナム語,21.0,女性,170,N4
VVN57,ベトナム語,ベトナム語,22.0,女性,233,N3
VVN48,ベトナム語,ベトナム語,21.0,女性,232,N3
VVN01,ベトナム語,ベトナム語,20.0,男性,231,N3
JJE46,国内教室環境,ベトナム語,26.0,女性,173,N4
VVN31,ベトナム語,ベトナム語,20.0,女性,229,N3
VVN44,ベトナム語,ベトナム語,20.0,女性,229,N3
JJE18,国内教室環境,ベトナム語,23.0,男性,176,N4
JJN31,国内自然習得,ベトナム語,29.0,男性,227,N3
JJE09,国内教室環境,ベトナム語,26.0,男性,180,N4
VVN19,ベトナム語,ベトナム語,20.0,女性,180,N4
VVN37,ベトナム語,ベトナム語,21.0,女性,180,N4
VVN05,ベトナム語,ベトナム語,24.0,女性,182,N4
VVN06,ベトナム語,ベトナム語,21.0,女性,219,N3
VVN12,ベトナム語,ベトナム語,21.0,女性,219,N3
JJC12,国内教室環境,ベトナム語,27.0,男性,218,N3
VVN51,ベトナム語,ベトナム語,23.0,女性,218,N3
VVN33,ベトナム語,ベトナム語,23.0,女性,185,N4
VVN24,ベトナム語,ベトナム語,20.0,女性,217,N3
VVN49,ベトナム語,ベトナム語,22.0,女性,215,N3
VVN39,ベトナム語,ベトナム語,21.0,女性,186,N4
JJC13,国内教室環境,ベトナム語,24.0,男性,187,N4
VVN15,ベトナム語,ベトナム語,29.0,女性,187,N4
JJE03,国内教室環境,ベトナム語,26.0,男性,188,N4
VVN13,ベトナム語,ベトナム語,22.0,女性,214,N3
VVN04,ベトナム語,ベトナム語,22.0,女性,188,N4
VVN56,ベトナム語,ベトナム語,29.0,女性,214,N3
VVN27,ベトナム語,ベトナム語,20.0,男性,188,N4
VVN11,ベトナム語,ベトナム語,21.0,女性,189,N4
VVN43,ベトナム語,ベトナム語,22.0,女性,191,N4
VVN55,ベトナム語,ベトナム語,23.0,未回答,209,N3
VVN30,ベトナム語,ベトナム語,21.0,女性,192,N4
VVN16,ベトナム語,ベトナム語,21.0,女性,193,N4
VVN21,ベトナム語,ベトナム語,21.0,女性,207,N3
VVN23,ベトナム語,ベトナム語,20.0,女性,194,N4
VVN42,ベトナム語,ベトナム語,21.0,女性,194,N4
JJE31,国内教室環境,ベトナム語,22.0,男性,197,N4
VVN18,ベトナム語,ベトナム語,21.0,女性,197,N4
VVN26,ベトナム語,ベトナム語,19.0,女性,202,N3
JJE21,国内教室環境,ベトナム語,21.0,男性,201,N3
JJN32,国内自然習得,ヒンディー語,20.0,男性,113,N5
JJN43,国内自然習得,クメール語,36.0,男性,127,N5
JJN01,国内自然習得,ポルトガル語,26.0,男性,275,N2
JJN10,国内自然習得,ポルトガル語,52.0,女性,137,N5
JJN17,国内自然習得,ポルトガル語,42.0,女性,265,N2
JJN13,国内自然習得,ポルトガル語,44.0,女性,251,N2
JJN15,国内自然習得,ポルトガル語,54.0,女性,245,N3
JJN12,国内自然習得,ポルトガル語,47.0,女性,240,N3
JJN16,国内自然習得,ポルトガル語,45.0,女性,233,N3
JJN09,国内自然習得,ポルトガル語,40.0,女性,227,N3
JJN07,国内自然習得,ポルトガル語,45.0,女性,178,N4
JJN14,国内自然習得,ポルトガル語,48.0,女性,184,N4
JJN08,国内自然習得,ポルトガル語,46.0,男性,186,N4
JJN19,国内自然習得,ポルトガル語,45.0,男性,209,N3
JJC39,国内教室環境,ネパール語,22.0,男性,258,N2
JJE32,国内教室環境,モンゴル語,26.0,男性,258,N2
JJC47,国内教室環境,モンゴル語,23.0,男性,246,N3
JJC61,国内教室環境,モンゴル語,19.0,男性,201,N3
JJN21,国内自然習得,フィリピン語,17.0,男性,163,N4
JJE71,国内教室環境,ペルシア語,21.0,女性,165,N4
JJJ01,日本語母語話者,日本語,24.0,男性,999,NS
JJJ02,日本語母語話者,日本語,50.0,女性,999,NS
JJJ03,日本語母語話者,日本語,27.0,男性,999,NS
JJJ04,日本語母語話者,日本語,26.0,男性,999,NS
JJJ05,日本語母語話者,日本語,31.0,男性,999,NS
JJJ06,日本語母語話者,日本語,20.0,女性,999,NS
JJJ07,日本語母語話者,日本語,25.0,女性,999,NS
JJJ08,日本語母語話者,日本語,27.0,女性,999,NS
JJJ09,日本語母語話者,日本語,46.0,女性,999,NS
JJJ10,日本語母語話者,日本語,39.0,女性,999,NS
JJJ11,日本語母語話者,日本語,20.0,女性,999,NS
JJJ12,日本語母語話者,日本語,39.0,男性,999,NS
JJJ13,日本語母語話者,日本語,29.0,男性,999,NS
JJJ14,日本語母語話者,日本語,22.0,女性,999,NS
JJJ15,日本語母語話者,日本語,20.0,女性,999,NS
JJJ16,日本語母語話者,日本語,38.0,女性,999,NS
JJJ17,日本語母語話者,日本語,41.0,女性,999,NS
JJJ18,日本語母語話者,日本語,39.0,女性,999,NS
JJJ19,日本語母語話者,日本語,32.0,女性,999,NS
JJJ20,日本語母語話者,日本語,21.0,女性,999,NS
JJJ21,日本語母語話者,日本語,21.0,女性,999,NS
JJJ23,日本語母語話者,日本語,43.0,女性,999,NS
JJJ24,日本語母語話者,日本語,33.0,男性,999,NS
JJJ25,日本語母語話者,日本語,24.0,男性,999,NS
JJJ26,日本語母語話者,日本語,36.0,男性,999,NS
JJJ27,日本語母語話者,日本語,24.0,男性,999,NS
JJJ28,日本語母語話者,日本語,23.0,男性,999,NS
JJJ29,日本語母語話者,日本語,32.0,女性,999,NS
JJJ30,日本語母語話者,日本語,35.0,女性,999,NS
JJJ31,日本語母語話者,日本語,45.0,女性,999,NS
JJJ32,日本語母語話者,日本語,49.0,女性,999,NS
JJJ33,日本語母語話者,日本語,49.0,女性,999,NS
JJJ35,日本語母語話者,日本語,35.0,男性,999,NS
JJJ36,日本語母語話者,日本語,42.0,男性,999,NS
JJJ37,日本語母語話者,日本語,42.0,男性,999,NS
JJJ39,日本語母語話者,日本語,29.0,女性,999,NS
JJJ43,日本語母語話者,日本語,39.0,女性,999,NS
JJJ44,日本語母語話者,日本語,27.0,男性,999,NS
JJJ45,日本語母語話者,日本語,30.0,男性,999,NS
JJJ46,日本語母語話者,日本語,38.0,女性,999,NS
JJJ47,日本語母語話者,日本語,53.0,女性,999,NS
JJJ48,日本語母語話者,日本語,46.0,男性,999,NS
JJJ49,日本語母語話者,日本語,55.0,男性,999,NS
JJJ50,日本語母語話者,日本語,53.0,男性,999,NS
JJJ51,日本語母語話者,日本語,24.0,男性,999,NS
JJJ52,日本語母語話者,日本語,22.0,女性,999,NS
JJJ54,日本語母語話者,日本語,45.0,男性,999,NS
JJJ55,日本語母語話者,日本語,41.0,男性,999,NS
JJJ56,日本語母語話者,日本語,40.0,男性,999,NS
JJJ57,日本語母語話者,日本語,43.0,女性,999,NS
